[{"username":"name","email":"email","password":"pwd"},{"username":"Bassam","email":"b.a.b.1415@hotmail.com","password":"12344"},{"username":"mabahussain","email":"mohammed.abahussain.1995@gmail.com","password":"Assassin"},{"username":"Besoo","email":"beso@hotmail.com","password":"assass"},{"username":"aalgr","email":"aalgr2@hotmail.com","password":"aa1234"},{"username":"bender","email":"bbnder@hotmail.com","password":"12345"},{"username":"ab","email":"abdul@yah","password":"321"},{"username":"","email":"","password":""},{"username":"","email":"","password":""},{"username":"","email":"","password":""}]